Number,Journal,ISSN,Scopus,Embase,PubMed_PMC,Notes
1,"Pain, Joints, Spine",2224-1507 / 2307-1133,No,No,No,
2,Advances in Clinical Medical Research (ACMR),2635-0823 / 2635-0815,No,No,No,
3,IJMSCRR,2581-8945,No,No,No,
4,American Journal of Forensic Psychology,0733-1290,Historic,No,No,On Scopus list but likely historic coverage
5,Adolescencia e Saude,1679-9941 / 2177-5281,Yes,No,No,
6,Biomedicine & Chemical Sciences (BCS),,No,No,No,
7,Genetics and Molecular Research (GMR),1676-5680,Verify,No,No,Not found in supplied Scopus list portion; verify
8,Cureus,2168-8184,Yes,No,Yes,
9,CME Journal Geriatric Medicine,,Historic,No,No,On Scopus list but likely historic coverage
10,IJCOG,2522-6614 / 2522-6622,No,No,No,
11,IJDDT (Int. J. of Drug Delivery Technology),0975-9344 / 0975-7619,Yes,No,No,
12,Bioinformation,0973-2063 / 0973-8894,Yes,No,Yes,PubMed via PMC only (not full MEDLINE)
13,GMJ Medicine,,No,No,No,
14,IJMACR,2581-3633,No,No,No,
15,International Journal of Medicine,,Verify,No,No,On Scopus list; confirm active status
16,STEMedicine,,No,No,No,
17,J. of Contemporary Clinical Practice,3007-9845 / 2457-7200,No,No,No,
18,IJPRT,2250-0944,Verify,No,No,Confirm active status
